FEMA No. and Substance,Beverages (ppm),Density
"2001 ACACIA, GUM [Acacia senegal (L.) Willd.]—Arabic, gum",330,1.49
2002 ACETAL—Acetaldehyde diethyl acetal,7.3,0.831
2003 ACETALDEHYDE—Ethanal,3.9,0.784
2004 ACETALDEHYDE PHENETHYL PROPYL ACETAL—Acetal R; Pepital,-,0.951
2005 ACETANISOLE—4-Methoxyacetophenone; p-Acetyl anisole,2.3,1.09
2006 ACETIC ACID—Ethanoic acid,39,1.05
2007 (tri-)ACETIN—Glyceryl triacetate; Enzactin; Vanay,190,1.16
2008 ACETOIN—3-Hydroxy-2-butanone; Acetyl methyl carbinol,7.4,1.01
2009 ACETOPHENONE—Methyl phenyl ketone; Acetyl benzene,0.98,1.03
"2010 ACONITIC ACID—1-Propene-1,2,3-tricarboxylic acid",2,1.66
"2011 ADIPIC ACID—1,4-Butanedicarboxylic acid; Hexanedioic acid",40,1.36
2012 AGAR—Gelidium cartilagineum (L.) Gaillon,420,0.72
"2013 *ALFALFA, EXTRACT—Medicago sativa L.",10,1.432
2014 ALGIN—Laminaria spp. and other kelps,100,1.424
"2015 ALGINATES, SODIUM, CALCIUM, and AMMONIUM",340,1.601
"2016 ALKANET ROOT, EXTRACT (Alkanna tinctoria Tausch)",1,1.115
2017 ALLSPICE—Pimenta officinalis Lindl.,120,0.887
"2018 *ALLSPICE, OIL—Pimenta officinalis Lindl.",18,0.948
"2019 *ALLSPICE, OLEORESIN—Pimenta officinalis Lindl.",-,0.95
2020 ALLYL ANTHRANILATE,1.1,1.015
2021 ALLYL BUTYRATE,1.2,0.882
2022 ALLYL CINNAMATE,1,0.928
2023 ALLYL CYCLOHEXANEACETATE,1.1,1.079
2024 ALLYL CYCLOHEXANEBUTYRATE,1,0.984
2025 ALLYL CYCLOHEXANEHEXANOATE,1.4,0.932
2026 ALLYL CYCLOHEXANEPROPIONATE,3.7,0.9
2027 ALLYL CYCLOHEXANEVALERATE,1.2,0.9
2028 ALLYL DISULFIDE—Diallyl disulfide,-,0.9
2029 ALLYL 2-ETHYLBUTYRATE,0.5,0.9
2030 ALLYL 2-FUROATE,0.53,1.2
2031 ALLYL HEPTANOATE—Allyl enanthate; Allyl heptoate,1.3,0.9
2032 ALLYL HEXANOATE—2-Propenyl hexanoate,7,0.908
"2033 ALLYL-IONONE—1-(2,6,6-Trimethyl-2-cyclohexene-1-yl)-1,6-heptadien-3-one",0.5,0.938
2034 ALLYL ISOTHIOCYANATE—Mustard oil,0.5,1.013
2035 ALLYL MERCAPTAN—2-Propene-1-thiol; Allylthiol,0.25,0.925
2036 ALLYL NONANOATE,0.7,0.887
2037 ALLYL OCTANOATE,1.7,0.898
2038 ALLYL PHENOXY ACETATE—Acetate PA,0.82,1.104
2039 ALLYL PHENYLACETATE,3,1.045
2040 ALLYL PROPIONATE,3,0.934
"2041 ALLYL SORBATE—2,4-Hexadienoate",0.86,1.025
2042 ALLYL SULFIDE—Thioallyl ether; Diallyl sulfide,0.04,0.888
2043 ALLYL TIGLATE—Allyl trans-2-methyl-2-butenoate,0.28,0.965
2044 ALLYL 10-UNDECENOATE—Allyl undecylenate,1,0.898
2045 ALLYL iso-VALERATE,8.6,0.905
"2046 *ALMONDS, BITTER, OIL (FFPA)—Prunus amygdalus",80,1.049
"2047 ALOE, EXTRACT—Aloe spp.",2000,1
2048 ALTHEA ROOT [Althea officinalis L.],10,1
"2049 *AMBERGRIS, TINCTURE",2,1
"2050 AMBRETTE, ABSOLUTE, OIL—Hibiscus abelmoschus",0.14,1
"2051 *AMBRETTE SEED, OIL—Hibiscus abelmoschus",0.3,1
"2052 *AMBRETTE, TINCTURE—Hibiscus abelmoschus",5,1
2053 AMMONIUM SULFIDE,-,1.01
2054 AMMONIUM iso-VALERATE,-,1
2055 iso-AMYL ACETATE—Amyl acetate,28,0.876
2056 AMYL ALCOHOL—Pentyl alcohol,18,0.817
2057 iso-AMYL ALCOHOL—iso-Pentyl alcohol,17,0.813
2058 iso-AMYL BENZOATE—iso-Pentyl benzoate,3,0.991
2059 AMYL BUTYRATE—Pentyl butyrate,19,0.865
2060 iso-AMYL BUTYRATE—iso-Pentyl butyrate,13,0.858
2061 a-AMYLCINNAMALDEHYDE—a-Pentylcinnamaldehyde,1.3,0.97
2062 a-AMYLCINNAMALDEHYDE DIMETHYL ACETAL,0.8,1
2063 iso-AMYL CINNAMATE—iso-Pentyl cinnamate,3.1,0.996
2064 a-AMYLCINNAMYL ACETATE,0.92,0.993
2065 a-AMYLCINNAMYL ALCOHOL,0.47,0.965
2066 a-AMYLCINNAMYL FORMATE,0.17,1
2067 a-AMYLCINNAMYL iso-VALERATE,0.36,1
2068 AMYL FORMATE—Pentyl formate,13,0.88
2069 iso-AMYL FORMATE—iso-Pentyl formate,8.4,0.875
2070 iso-AMYL 2-FURANBUTYRATE,0.03,1
2071 iso-AMYL 2-FURANPROPIONATE,0.02,1
2072 AMYL 2-FUROATE—Pentyl 2-furoate,5,1
2073 AMYL HEPTANOATE—Pentyl heptanoate,7,0.872
2074 AMYL HEXANOATE—Pentyl hexanoate,5.3,0.868
2075 iso-AMYL HEXANOATE—iso-Pentyl hexanoate,7.8,0.864
"2076 2-AMYL-5 or 6-KETO-1,4-DIOXANE",-,1
2077 iso-AMYL LAURATE—iso-Pentyl laurate,3,1
2078 iso-AMYL NONANOATE—iso-Pentyl nonanoate,1.5,1
2079 AMYL OCTANOATE—Pentyl octanoate,5,0.87
2080 iso-AMYL OCTANOATE—iso-Pentyl octanoate,6.6,1
2081 iso-AMYL PHENYLACETATE,5,0.989
2082 iso-AMYL PROPIONATE,3.8,0.866
2083 iso-AMYL PYRUVATE,4.7,1
2084 iso-AMYL SALICYLATE—Orchidee,1.4,1.053
2085 iso-AMYL iso-VALERATE,8.5,0.855
2086 ANETHOLE—p-Propenylanisole,11,0.988
"2087 *ANGELICA ROOT, EXTRACT",49,1
"2088 *ANGELICA ROOT, OIL",12,0.88
"2089 *ANGELICA SEED, EXTRACT","1,100.00",1
"2090 *ANGELICA SEED, OIL",6.3,0.876
"2091 *ANGELICA STEM, OIL",1.5,0.876
"2092 ANGOSTURA, EXTRACT—Galipea officinalis",18,1
2093 *ANISE—Pimpinella anisum L.,30,1
"2094 *ANISE, OIL—Pimpinella anisum L.",7.5,0.988
"2095 *ANISE, STAR—Illicium verum Hook. f.",13,1
"2096 ANISE, STAR, OIL—Illicium verum Hook. f.",12,0.988
2097 ANISOLE—Methoxybenzene,9,0.995
2098 ANISYL ACETATE—p-Methoxybenzyl acetate,6.3,1.104
2099 ANISYL ALCOHOL—p-Methoxybenzyl alcohol,7.4,1.115
2100 ANISYL BUTYRATE—p-Methoxybenzyl butyrate,3.1,1.062
2101 ANISYL FORMATE—p-Methoxybenzyl formate,3.2,1.122
2102 ANISYL PROPIONATE,5.6,1.084
"2103 ANNATTO, EXTRACT [Bixa orellana L.]",25,1
"2104 ANNATTO, SEED [Bixa orellana L.]",-,1
"2105 *APRICOT KERNEL, OIL—Persic oil",150,1
"2106 ASAFETIDA, FLUID EXTRACT",4,1
"2107 ASAFETIDA, GUM—Ferula assa-foetida L.",5,1
"2108 *ASAFETIDA, OIL—Ferula assa-foetida L.",-,1
2109 ASCORBIC ACID—Vitamin C,130,1
"2110 *ASH BARK, PRICKLY, EXTRACT",59,1
2111 *BALM [Melissa officinalis L.],-,1
"2112 *BALM LEAVES, EXTRACT [Melissa officinalis L.]",2000,1
"2113 *BALM, OIL [Melissa officinalis L.]",8.5,1
"2114 BALSAM FIR, OIL—Abies balsamea (L.) Mill.",4.5,0.878
"2115 BALSAM FIR, OLEORESIN—Abies balsamea (L.) Mill.",0.2,1
"2116 *BALSAM, PERU—Myroxylon pereirae Klotzsch",3,1.16
"2117 *BALSAM, PERU, OIL—Myroxylon pereirae Klotzsch",3.2,1.11
2118 *BASIL—Ocimum basilicum L.,2.5,1
"2119 *BASIL, OIL—Ocimum basilicum L.",2,0.92
"2120 *BASIL, OLEORESIN—Ocimum basilicum L.",-,1
"2121 *BAY LEAVES, WEST INDIAN, EXTRACT",0.67,1
"2122 *BAY LEAVES, WEST INDIAN, OIL",1.5,0.99
"2123 *BAY LEAVES, WEST INDIAN, OLEORESIN",-,1
"2124 *BAY, SWEET—Laurus nobilis L.",2.5,1
"2125 *BAY, SWEET, OIL—Laurus nobilis L.",2,0.929
"2126 BEESWAX, WHITE [Apis mellifera L.]",0.5,0.96
2127 BENZALDEHYDE—Benzenecarbonal,36,1.046
2128 BENZALDEHYDE DIMETHYL ACETAL,26,1.02
2129 BENZALDEHYDE GLYCERYL ACETAL,21,1.193
2130 BENZALDEHYDE PROPYLENE GLYCOL ACETAL,34,1.071
2131 BENZOIC ACID—Benzenecarboxylic acid,7.5,1.27
2132 BENZOIN—2-Hydroxy-2-phenylacetophenone,4.5,1.31
"2133 BENZOIN, RESIN [Styrax benzoin Dryander]",15,1
2134 BENZOPHENONE—Diphenyl ketone,0.5,1.11
2135 BENZYL ACETATE,7.8,1.056
2136 BENZYL ACETOACETATE,2.7,1.112
2137 BENZYL ALCOHOL—Phenyl carbinol,15,1.047
2138 BENZYL BENZOATE,4.5,1.12
2139 BENZYL BUTYL ETHER,2,0.933
2140 BENZYL BUTYRATE,4.5,1.014
2141 BENZYL iso-BUTYRATE,5.2,1.005
2142 BENZYL CINNAMATE,1.4,1.115
"2143 BENZYL 2,3-DIMETHYLCROTONATE",0.75,1.023
2144 BENZYL ETHYL ETHER,1,0.95
2145 BENZYL FORMATE,2.4,1.09
2146 3-BENZYL-4-HEPTANONE,1.2,0.037
2147 BENZYL MERCAPTAN—a-Toluenethiol,0.25,1.059
2148 BENZYL METHOXYETHYL ACETAL,0.5,1.025
2149 BENZYL PHENYLACETATE,1.3,1.099
2150 BENZYL PROPIONATE,4.1,1.036
2151 BENZYL SALICYLATE,1.4,1.18
2152 BENZYL iso-VALERATE,2.2,0.989
"2153 *BERGAMOT, OIL [Citrus aurantium L.]",8.9,0.88
"2154 BIRCH, SWEET, OIL [Betula lenta L.]",48,1.19
"2155 BLACKBERRY BARK, EXTRACT",81,1
"2156 *BOIS DE ROSE, OIL—Aniba rosaeodora Ducke",0.65,0.887
2157 BORNEOL—Bornyl alcohol,1.4,1.011
2158 iso-BORNEOL,6.2,1
2159 BORNYL ACETATE,1.1,0.984
2160 iso-BORNYL ACETATE,9.6,0.988
2161 BORNYL FORMATE,3.7,1.015
2162 iso-BORNYL FORMATE,1,1.01
2163 iso-BORNYL PROPIONATE,1,0.978
2164 BORNYL VALERATE,1,0.955
2165 BORNYL iso-VALERATE,1,0.955
2166 iso-BORNYL iso-VALERATE,1,0.956
"2167 BORONIA, ABSOLUTE",4.3,1
2168 BROMINATED VEGETABLE OILS,170,1.34
"2169 BUCHU LEAVES, OIL",1.9,0.93
2170 2-BUTANONE—Methyl ethyl ketone,70,0.801
2171 BUTTER ACIDS,2,1
2172 BUTTER ESTERS,-,1
2173 BUTTER STARTER DISTILLATE,-,1
2174 BUTYL ACETATE,11,0.88
2175 iso-BUTYL ACETATE,11,0.871
2176 BUTYL ACETOACETATE,4.2,0.965
2177 iso-BUTYL ACETOACETATE,4,0.96
2178 BUTYL ALCOHOL—1-Butanol,12,0.809
2179 iso-BUTYL ALCOHOL—iso-Butanol,17,0.801
2180 iso-BUTYL ANGELATE,1.5,0.893
2181 BUTYL ANTHRANILATE,1.3,1.074
2182 iso-BUTYL ANTHRANILATE,2,1.066
2183 BUTYLATED HYDROXYANISOLE—BHA,0.82,1
2184 BUTYLATED HYDROXYTOLUENE—BHT,-,1
2185 iso-BUTYL BENZOATE,9,1
2186 BUTYL BUTYRATE,8.6,0.871
2187 iso-BUTYL BUTYRATE,8.3,0.865
2188 BUTYL iso-BUTYRATE,8.7,0.863
2189 iso-BUTYL iso-BUTYRATE,7.5,0.853
2190 BUTYL BUTYRYLLACTATE,13,0.978
2191 a-BUTYLCINNAMALDEHYDE,1,0.945
2192 BUTYL CINNAMATE,0.83,1.014
2193 iso-BUTYL CINNAMATE,1.3,1.009
2194 BUTYL 2-DECENOATE,8,0.899
2195 BUTYL ETHYL MALONATE,3,1
2196 BUTYL FORMATE,2.9,0.892
2197 iso-BUTYL FORMATE,2.2,0.887
2198 iso-BUTYL 2-FURANPROPIONATE,8.1,1.01
2199 BUTYL HEPTANOATE,1,0.865
2200 iso-BUTYL HEPTANOATE,1.5,0.865
2201 BUTYL HEXANOATE,1.7,0.865
2202 iso-BUTYL HEXANOATE,5.4,0.861
2203 BUTYL p-HYDROXYBENZOATE,1000,1.29
"2204 2-BUTYL-5 or 6-KETO-1,4-DIOXANE",-,1.059
2205 BUTYL LACTATE,0.66,0.984
2206 BUTYL LAURATE,3,0.859
2207 BUTYL LEVULINATE,1,0.975
2208 a-iso-BUTYLPHENETHYL ALCOHOL,10,0.956
2209 BUTYL PHENYLACETATE,0.5,0.997
2210 iso-BUTYL PHENYLACETATE,2.8,0.991
2211 BUTYL PROPIONATE,4,0.875
2212 iso-BUTYL PROPIONATE,5.4,0.873
2213 iso-BUTYL SALICYLATE,3.5,1.07
2214 BUTYL STEARATE,1,0.86
2215 BUTYL SULFIDE,1,0.844
2216 BUTYL 10-UNDECENOATE,0.9,0.878
2217 BUTYL VALERATE,3,0.868
2218 BUTYL iso-VALERATE,4.6,0.861
2219 BUTYRALDEHYDE,0.71,0.805
2220 iso-BUTYRALDEHYDE,0.3,0.794
2221 BUTYRIC ACID,5.5,0.963
2222 iso-BUTYRIC ACID,4.1,0.95
2223 (tri-)BUTYRIN,0.1,1.035
2224 CAFFEINE,120,1.23
"2225 CAJEPUT, OIL",2,0.926
2226 CALAMUS [Acarus calamus L.],68,1
"2227 CALAMUS, OIL [Acarus calamus L.]",2,1.078
2228 CALCIUM ACETATE,200,1.5
2229 CAMPHENE,90,0.85
2230 d-CAMPHOR,-,0.992
"2231 CAMPHOR, JAPANESE, WHITE, OIL",5.4,0.875
"2232 *CANANGA, OIL",7,0.923
"2233 *CAPSICUM, EXTRACT",120,1
"2234 *CAPSICUM, OLEORESIN",14,0.94
2235 CARAMEL COLOR,"2,200.00",1.36
2236 *CARAWAY,63,1
"2237 *CARAWAY, BLACK",-,1
"2238 *CARAWAY, OIL",29,0.91
2239 CARBOXYMETHYLCELLULOSE,91,1.6
2240 *CARDAMOM,3,1
"2241 *CARDAMOM SEED, OIL",1.9,0.947
2242 CARMINE,-,1.38
"2243 *CAROB BEAN, EXTRACT",66,1
"2244 *CARROT, OIL",3.1,0.94
2245 CARVACROL,26,0.978
2246 CARVACRYL ETHYL ETHER,13,0.958
2247 CARVEOL,13,0.958
2248 4-CARVOMENTHENOL,21,0.925
2249 CARVONE,850,0.965
2250 CARVYL ACETATE,11,0.975
2251 CARVYL PROPIONATE,1,0.985
2252 B-CARYOPHYLLENE,14,0.908
"2253 CASCARA, BITTERLESS, EXTRACT",100,1
"2254 *CASCARILLA BARK, EXTRACT",800,1
"2255 *CASCARILLA BARK, OIL",2.3,0.924
2256 *CASSIA—Cinnamomum cassia Blume,9.2,1
"2257 *CASSIA BARK, EXTRACT",310,1
"2258 *CASSIA BARK, OIL",3,1.07
2259 *CASSIA BUDS,1000,1
"2260 CASSIE, ABSOLUTE",0.96,1.05
"2261 *CASTOREUM, EXTRACT",5,0.98
"2262 *CASTOREUM, LIQUID",3.2,1
"2263 CASTOR, OIL [Ricinus communis L.]",140,0.961
"2264 CATECHU, EXTRACT",16,1
"2265 CATECHU, POWDER",45,1
2266 *CAYENNE,1,1
"2267 CEDAR LEAF, OIL",0.5,0.92
2268 *CELERY SEED,"1,000.00",1
"2269 *CELERY SEED, EXTRACT",240,1
"2270 *CELERY SEED, EXTRACT SOLID",150,1
"2271 *CELERY SEED, OIL",11,0.905
"2272 *CHAMOMILE FLOWER, ENGLISH, OIL",4.1,0.917
"2273 *CHAMOMILE FLOWER, HUNGARIAN, OIL",2.6,0.94
"2274 *CHAMOMILE FLOWER, ROMAN, EXTRACT",13,1
"2275 *CHAMOMILE FLOWER, ROMAN, OIL",2.3,0.917
"2276 *CHERRY BARK, WILD, EXTRACT",120,1
"2277 CHERRY LAUREL, OIL (FFPA)",-,1.066
"2278 CHERRY PITS, EXTRACT",150,1
2279 *CHERVIL,100,1
"2280 *CHICORY, EXTRACT",63,1
"2281 CINCHONA BARK, RED",3.7,1
"2282 CINCHONA BARK, RED, EXTRACT",100,1
"2283 *CINCHONA BARK, YELLOW",-,1
"2284 CINCHONA BARK, YELLOW, EXTRACT",100,1
"2285 CINCHONA, EXTRACT",10,1
2286 CINNAMALDEHYDE,9,1.053
2287 CINNAMALDEHYDE ETHYLENE GLYCOL ACETAL,-,1.115
2288 CINNAMIC ACID,31,1.248
2289 *CINNAMON,5.6,1
"2290 *CINNAMON BARK, EXTRACT",13,1
"2291 *CINNAMON BARK, OIL",5.5,1.03
"2292 *CINNAMON LEAF, OIL",6.8,1.065
2293 CINNAMYL ACETATE,2.7,1.057
2294 CINNAMYL ALCOHOL,8.8,1.044
2295 CINNAMYL ANTHRANILATE,6.8,1.18
2296 CINNAMYL BUTYRATE,1.6,1.02
2297 CINNAMYL iso-BUTYRATE,1.5,1.013
2298 CINNAMYL CINNAMATE,0.81,1.16
2299 CINNAMYL FORMATE,1.3,1.086
2300 CINNAMYL PHENYLACETATE,2.7,1.1
2301 CINNAMYL PROPIONATE,1,1.039
2302 CINNAMYL iso-VALERATE,2.2,1.004
2303 CITRAL,9.2,0.893
2304 CITRAL DIETHYL ACETAL,0.03,0.874
2305 CITRAL DIMETHYL ACETAL,6.3,0.89
2306 CITRIC ACID,"2,500.00",1.665
2307 CITRONELLAL,4,0.86
"2308 *CITRONELLA, OIL",17,0.908
2309 dL-CITRONELLOL,4.1,0.86
2310 CITRONELLOXYACETALDEHYDE,1,1.02
2311 CITRONELLYL ACETATE,3.4,0.901
2312 CITRONELLYL BUTYRATE,3.8,0.891
2313 CITRONELLYL iso-BUTYRATE,2.3,0.882
2314 CITRONELLYL FORMATE,14,0.897
2315 CITRONELLYL PHENYLACETATE,1.3,0.996
2316 CITRONELLYL PROPIONATE,3.1,0.895
2317 CITRONELLYL VALERATE,1,0.888
"2318 *CITRUS PEELS, EXTRACT",190,1
"2319 *CIVET, ABSOLUTE",1,0.93
2320 *CLARY,-,1
"2321 *CLARY, OIL",1.8,0.908
"2322 *CLOVE BUD, EXTRACT",16,1
"2323 *CLOVE BUD, OIL",3.1,1.061
"2324 *CLOVE BUD, OLEORESIN",-,1.055
"2325 *CLOVE LEAF, OIL",8.6,1.06
"2326 *CLOVER TOPS, RED, EXTRACT SOLID",2,1
2327 *CLOVES—Eugenia caryophyllata,"1,000.00",0.6
"2328 *CLOVE STEM, OIL",5.9,1.06
"2329 *COCA LEAF, EXTRACT (DECOCAINIZED)",200,1
2330 COCHINEAL,100,1.38
"2331 *COGNAC, GREEN, OIL",5.2,0.872
"2332 *COGNAC, WHITE, OIL",5.6,0.871
2333 *CORIANDER,7.4,1
"2334 *CORIANDER, OIL",3.1,0.875
2335 *CORN SILK,28,1
"2336 COSTUS ROOT, OIL",0.08,1.033
2337 p-CRESOL,0.67,1.035
2338 CUBEBS,800,1
"2339 CUBEBS, OIL",2.4,0.93
2340 *CUMIN,-,1
2341 CUMINALDEHYDE,3.1,0.976
"2342 *CUMIN, BLACK",-,1
"2343 *CUMIN, OIL",0.48,0.93
"2344 *CURACAO PEEL, EXTRACT","1,700.00",1
"2345 *CURACAO PEEL, OIL",33,0.852
"2346 CURRANT BUDS, BLACK, ABSOLUTE",4.7,1
2347 CYCLOHEXANEACETIC ACID,1,1.009
2348 CYCLOHEXANEETHYL ACETATE,2,0.957
2349 CYCLOHEXYL ACETATE,20,0.97
2350 CYCLOHEXYL ANTHRANILATE,10,1.1
2351 CYCLOHEXYL BUTYRATE,3.9,0.957
2352 CYCLOHEXYL CINNAMATE,2,1.1
2353 CYCLOHEXYL FORMATE,11,0.994
2354 CYCLOHEXYL PROPIONATE,2.4,0.97
2355 CYCLOHEXYL iso-VALERATE,13,0.949
2356 p-CYMENE,3.3,0.86
"2357 *DANDELION, FLUID EXTRACT",35,1
"2358 *DANDELION ROOT, EXTRACT SOLID",10,1
"2359 DAVANA, OIL",3,0.99
2360 gamma-DECALACTONE,2,0.953
2361 delta-DECALACTONE,5,0.96
2362 DECANAL,2.3,0.83
2363 DECANAL DIMETHYL ACETAL,2,0.844
2364 DECANOIC ACID,9.9,0.893
2365 1-DECANOL,2.1,0.831
2366 2-DECENAL,3.4,0.846
2367 DECYL ACETATE,3.4,0.871
2368 DECYL BUTYRATE,0.18,0.869
2369 DECYL PROPIONATE,0.81,0.869
2370 DIACETYL,2.5,0.985
2371 DIBENZYL ETHER,8.3,1.043
"2372 4,4-DIBUTYL-gamma-BUTYROLACTONE",-,0.943
2373 DIBUTYL SEBACATE,5,0.94
2374 DIETHYL MALATE,5.5,1.122
2375 DIETHYL MALONATE,5.6,1.055
2376 DIETHYL SEBACATE,4.1,0.965
2377 DIETHYL SUCCINATE,7.3,1.042
2378 DIETHYL TARTRATE,50,1.208
2379 DIHYDROCARVEOL,84,0.931
2380 DIHYDROCARVYL ACETATE,5,0.953
2381 DIHYDROCOUMARIN,7.8,1.19
2382 *DILL,-,1
"2383 *DILL, OIL",1.6,0.915
"2384 DILL SEED, INDIAN",-,1
2385 m-DIMETHOXYBENZENE,3,1.066
2386 p-DIMETHOXYBENZENE,8.1,1.053
"2387 2,4-DIMETHYLACETOPHENONE",0.78,0.999
"2388 a,a-DIMETHYLBENZYL iso-BUTYRATE",5,0.97
"2389 2,6-DIMETHYL-5-HEPTENAL",2.8,0.855
"2390 2,6-DIMETHYL OCTANAL",0.44,0.84
"2391 3,7-DIMETHYL-1-OCTANOL",4.3,0.84
"2392 a,a-DIMETHYLPHENETHYL ACETATE",2.8,0.995
"2393 a,a-DIMETHYLPHENETHYL ALCOHOL",3.3,0.987
"2394 a,a-DIMETHYLPHENETHYL BUTYRATE",10,0.97
"2395 a,a-DIMETHYLPHENETHYL FORMATE",2,1.015
2396 DIMETHYL SUCCINATE,100,1.065
"2397 1,3-DIPHENYL-2-PROPANONE",1.7,1.15
2398 DISODIUM PHOSPHATE,350,1.7
2399 DITTANY OF CRETE,25,1
2400 gamma-DODECALACTONE,3.3,0.941
2401 delta-DODECALACTONE,-,0.955
2402 2-DODECENAL,2.9,0.85
"2403 *DOGGRASS, EXTRACT",2,1
"2404 DRAGON'S BLOOD, EXTRACT",300,1.05
2405 *DULSE,-,1
2406 *ELDER FLOWERS,340,1
"2407 ELEMI, GUM",0.13,1
"2408 ELEMI, OIL",0.71,0.875
"2409 ERIGERON, OIL",4.8,0.87
2410 ERYTHORBIC ACID,100,1.76
2411 ESTRAGOLE,10,0.966
"2412 *ESTRAGON, OIL",0.79,0.94
2413 p-ETHOXYBENZALDEHYDE,0.08,1.15
2414 ETHYL ACETATE,67,0.902
2415 ETHYL ACETOACETATE,17,1.028
2416 ETHYL 2-ACETYL-3-PHENYLPROPIONATE,5,1.085
2417 ETHYL ACONITATE (Mixed esters),3.6,1.1
2418 ETHYL ACRYLATE,0.26,0.924
2419 ETHYL ALCOHOL--Ethanol,"1,700.00",0.793
2420 ETHYL p-ANISATE,2.6,1.066
2421 ETHYL ANTHRANILATE,5.9,1.087
2422 ETHYL BENZOATE,2.8,1.05
2423 ETHYL BENZOYLACETATE,0.7,1.119
2424 a-ETHYL BENZYL BUTYRATE,1,0.966
2425 2-ETHYL BUTYL ACETATE,1,0.875
2426 2-ETHYLBUTYRALDEHYDE,5,0.819
2427 ETHYL BUTYRATE,28,0.875
2428 ETHYL iso-BUTYRATE,10,0.87
2429 2-ETHYLBUTYRIC ACID,5,0.922
2430 ETHYL CINNAMATE,4.1,1.056
2431 ETHYL CYCLOHEXANEPROPIONATE,9,0.957
2432 ETHYL DECANOATE,2.1,0.865
2433 ETHYLENE OXIDE,-,0.871
2434 ETHYL FORMATE,9.4,0.923
2435 ETHYL 2-FURANPROPIONATE,1.6,1.026
2436 4-ETHYLGUAIACOL,0.05,1.071
2437 ETHYL HEPTANOATE,6.8,0.867
2438 2-ETHYL-2-HEPTENAL,0.4,0.865
2439 ETHYL HEXANOATE,7,0.871
2440 ETHYL LACTATE,5.4,1.034
2441 ETHYL LAURATE,1.7,0.859
2442 ETHYL LEVULINATE,5.8,1.018
2443 ETHYL 2-METHYLBUTYRATE,0.5,0.875
2444 ETHYL METHYL PHENYLGLYCIDATE,5.6,1.111
2445 ETHYL MYRISTATE,6.7,0.856
2446 ETHYL NITRITE,3,0.9
2447 ETHYL NONANOATE,3.9,0.867
2448 ETHYL 2-NONYNOATE,0.56,0.898
2449 ETHYL OCTANOATE,4.1,0.869
2450 ETHYL OLEATE,0.1,0.875
2451 ETHYL PALMITATE,-,0.853
2452 ETHYL PHENYLACETATE,2.4,1.037
2453 ETHYL 4-PHENYLBUTYRATE,1,1.006
2454 ETHYL 3-PHENYLGLYCIDATE,4.6,1.11
2455 ETHYL 3-PHENYLPROPIONATE,1.8,1.025
2456 ETHYL PROPIONATE,7.7,0.891
2457 ETHYL PYRUVATE,50,0.957
2458 ETHYL SALICYLATE,2.8,0.865
2459 ETHYL SORBATE,5.5,0.871
2460 ETHYL TIGLATE,5.3,0.923
2461 ETHYL 10-UNDECENOATE,1.7,1.026
2462 ETHYL VALERATE,4.2,1.071
2463 ETHYL iso-VALERATE,4.9,0.867
2464 ETHYL VANILLIN,20,0.865
2465 EUCALYPTOL,0.13,0.871
"2466 EUCALYPTUS, OIL",1.7,1.034
2467 EUGENOL,1.4,0.859
2468 iso-EUGENOL,3.7,1.018
2469 EUGENYL ACETATE,0.43,0.875
2470 iso-EUGENYL ACETATE,0.44,1.111
2471 EUGENYL BENZOATE,0.13,0.856
2472 iso-EUGENYL ETHYL ETHER,7.8,0.9
2473 EUGENYL FORMATE,-,0.867
2474 iso-EUGENYL FORMATE,-,0.898
2475 EUGENYL METHYL ETHER,10,0.869
2476 iso-EUGENYL METHYL ETHER,4,0.875
2477 iso-EUGENYL PHENYLACETATE,0.05,0.853
2478 FARNESOL,0.76,1.037
2479 d-FENCHONE,0.8,1.006
2480 FENCHYL ALCOHOL,1.8,1.11
"2481 *FENNEL, COMMON",800,1
"2482 *FENNEL, SWEET",11,1
"2483 *FENNEL, SWEET, OIL",3.9,1.025
2484 *FENUGREEK,470,1
"2485 *FENUGREEK, EXTRACT",50,1
"2486 *FENUGREEK, OLEORESIN",290,1
2487 FORMIC ACID,1,0.891
2488 FUMARIC ACID,50,1.635
2489 FURFURAL,4,1.157
2490 FURFURYL ACETATE,11,1.12
2491 FURFURYL ALCOHOL,19,1.13
2492 2-FURFURYLIDENE BUTYRALDEHYDE,0.5,1.066
2493 FURFURYL MERCAPTAN,0.52,1.137
2494 FURYL ACROLEIN,0.17,1.111
2495 4-(2-FURYL)-3-BUTEN-2-ONE,4.2,1.04
2496 (2-FURYL)-2-PROPANONE,-,1.085
"2497 FUSEL, OIL, REFINED",21,0.835
2498 *GALANGAL ROOT,750,1
"2499 *GALANGAL ROOT, EXTRACT",350,1
"2500 *GALANGAL ROOT, OIL",0.27,0.94
"2501 GALBANUM, OIL",0.16,0.91
"2502 GALBANUM, RESIN",0.25,1.15
"2503 *GARLIC, OIL",0.3,1.095
"2504 GENET, ABSOLUTE",0.83,0.98
"2505 GENET, EXTRACT",1.4,1
"2506 GENTIAN ROOT, EXTRACT",26,1.1
2507 GERANIOL,2.1,0.885
"2508 *GERANIUM, ROSE, OIL",1.6,0.9
2509 GERANYL ACETATE,1.6,0.913
2510 GERANYL ACETOACETATE,0.5,0.935
2511 GERANYL BENZOATE,0.13,1
2512 GERANYL BUTYRATE,1.6,0.89
2513 GERANYL iso-BUTYRATE,1,0.892
2514 GERANYL FORMATE,1.9,0.917
2515 GERANYL HEXANOATE,1.3,0.875
2516 GERANYL PHENYLACETATE,1.1,0.985
2517 GERANYL PROPIONATE,1.5,0.904
2518 GERANYL iso-VALERATE,4.2,0.887
"2519 *GHATTI, GUM",100,1
2520 *GINGER,44,1
"2521 *GINGER, EXTRACT",65,1
"2522 *GINGER, OIL",17,0.895
"2523 *GINGER, OLEORESIN",79,1.05
2524 GLUCOSE PENTAACETATE,100,1.32
2525 GLYCEROL,570,1.261
2526 GLYCERYL MONOOLEATE,15,0.95
2527 GLYCERYL MONOSTEARATE,-,0.95
"2528 GLYCYRRHIZIN, AMMONIATED",51,1.4
2529 *GRAINS OF PARADISE,43,1
"2530 *GRAPEFRUIT, OIL",160,0.859
"2531 GUAIAC GUM, EXTRACT",600,1
2532 GUAIACOL,0.95,1.118
"2533 GUAIAC WOOD, EXTRACT",760,1
"2534 GUAIAC WOOD, OIL",1.1,0.975
2535 GUAIACYL PHENYLACETATE,0.38,1.15
"2536 GUARANA, GUM",12,1.3
"2537 GUAR, GUM",100,1.5
"2538 HAW BARK, BLACK, EXTRACT",6,1
"3034 HEMLOCK, OIL (See SPRUCE, OIL)",-,1
2539 gamma-HEPTALACTONE,18,1.006
2540 HEPTANAL,4.9,0.82
2541 HEPTANAL DIMETHYL ACETAL,0.13,0.835
2542 HEPTANAL GLYCERYL ACETAL,5,1.02
"2543 2,3-HEPTANEDIONE",0.96,0.885
2544 2-HEPTANONE,2.7,0.817
2545 3-HEPTANONE,2,0.82
2546 4-HEPTANONE,7.8,0.82
2547 HEPTYL ACETATE,4.1,0.865
2548 HEPTYL ALCOHOL,0.9,0.822
2549 HEPTYL BUTYRATE,0.66,0.875
2550 HEPTYL iso-BUTYRATE,1.2,0.864
2551 HEPTYL CINNAMATE,3.3,0.965
2552 HEPTYL FORMATE,1.7,0.875
2553 HEPTYL OCTANOATE,1,0.86
2554 1-HEXADECANOL,-,0.817
2555 omega-6-HEXADECENLACTONE,0.32,0.92
2556 gamma-HEXALACTONE,7,1.022
2557 HEXANAL,1.3,0.815
"2558 2,3-HEXANEDIONE",6.6,0.92
2559 HEXANOIC ACID,1.8,0.927
2560 2-HEXENAL,3.1,0.852
2561 cis-3-HEXENAL,0.2,0.844
2562 2-HEXEN-1-OL,1,0.848
2563 3-HEXEN-1-OL,1,0.85
2564 2-HEXEN-1-YL ACETATE,0.28,0.887
2565 HEXYL ACETATE,4.6,0.875
2566 2-HEXYL-4-ACETOXYTETRAHYDROFURAN,1,0.985
2567 HEXYL ALCOHOL,6.6,0.817
2568 HEXYL BUTYRATE,2.6,0.871
2569 a-HEXYLCINNAMALDEHYDE,0.8,0.965
2570 HEXYL FORMATE,12,0.885
2571 HEXYL 2-FUROATE,-,1
2572 HEXYL HEXANOATE,3,0.87
2573 2-HEXYLIDENE CYCLOPENTANONE,1,0.91
"2574 2-HEXYL-5 or 6-KETO-1,4-DIOXANE",-,1.02
2575 HEXYL OCTANOATE,1,0.865
2576 HEXYL PROPIONATE,5.7,0.87
"2577 *HICKORY BARK, EXTRACT",40,1
"2578 *HOPS, EXTRACT",160,1
"2579 *HOPS, EXTRACT SOLID",8,1
"2580 *HOPS, OIL",1.7,0.885
"2581 *HOREHOUND, EXTRACT",8.7,1
"2582 *HORSEMINT LEAVES, EXTRACT",600,1
2583 HYDROXYCITRONELLAL,3.5,0.938
2584 HYDROXYCITRONELLAL DIETHYL ACETAL,2.7,0.915
2585 HYDROXYCITRONELLAL DIMETHYL ACETAL,10,0.935
2586 HYDROXYCITRONELLOL,2,0.935
2587 5-HYDROXY-4-OCTANONE,5,0.96
2588 4-(p-HYDROXYPHENYL)-2-BUTANONE,16,1.16
2589 *HYSSOP,-,1
"2590 *HYSSOP, EXTRACT",13,1
"2591 *HYSSOP, OIL",4.7,0.93
"2592 *IMMORTELLE, EXTRACT",5.2,1
2593 INDOLE,0.26,1.17
2594 a-IONONE,2.5,0.94
2595 B-IONONE,1.6,0.948
"2596 *IRISH MOSS, EXTRACT",300,1
2597 a-IRONE,1.2,0.94
"2598 *JASMINE, ABSOLUTE",0.41,1
"2599 *JASMINE, CONCRETE",0.7,1
"2600 *JASMINE, OIL",0.63,0.985
"2601 *JASMINE, SPIRITUS",1,1
2602 *JUNIPER BERRIES,-,1
"2603 *JUNIPER, EXTRACT",53,1
"2604 *JUNIPER, OIL",32,0.875
"2605 *KARAYA, GUM",13,1.49
2606 *KELP,-,1
"2607 *KOLA NUT, EXTRACT",120,1
"2608 LABDANUM, ABSOLUTE",2.8,1.04
"2609 LABDANUM, OIL",0.41,0.945
"2610 LABDANUM, OLEORESIN",2.7,1
2611 LACTIC ACID,34,1.21
2612 *LAUREL BERRIES,450,1
"2613 *LAUREL LEAVES, EXTRACT",-,1
2614 LAURIC ACID,15,0.88
2615 LAURIC ALDEHYDE,0.93,0.835
2616 LAURYL ACETATE,2.3,0.865
2617 LAURYL ALCOHOL,2,0.835
"2618 *LAVANDIN, OIL",5.5,0.893
2619 *LAVENDER,0.08,1
"2620 *LAVENDER, ABSOLUTE",7.5,1
"2621 *LAVENDER, CONCRETE",0.2,1
"2622 *LAVENDER, OIL",2.9,0.894
"2623 *LEMON, EXTRACT","1,000.00",1
"2624 *LEMON-GRASS, OIL",4.4,0.908
"2625 *LEMON, OIL",230,0.856
"2626 *LEMON, OIL, TERPENELESS",13,0.895
2627 LEVULINIC ACID,14,1.15
"2628 *LICORICE, EXTRACT",33,1
"2629 *LICORICE, EXTRACT POWDER",110,1
2630 *LICORICE ROOT,130,1
"2631 *LIME, OIL",130,0.882
"2632 *LIME, OIL, TERPENELESS",15,0.9
2633 d-LIMONENE,31,0.846
"2634 LINALOE WOOD, OIL",4.3,0.883
2635 LINALOOL,2,0.875
2636 LINALYL ACETATE,1.9,0.905
2637 LINALYL ANTHRANILATE,1.8,1.08
2638 LINALYL BENZOATE,0.31,1
2639 LINALYL BUTYRATE,1.2,0.89
2640 LINALYL iso-BUTYRATE,1.7,0.89
2641 LINALYL CINNAMATE,0.57,1.005
2642 LINALYL FORMATE,1.3,0.916
2643 LINALYL HEXANOATE,3.2,0.885
2644 LINALYL OCTANOATE,1.3,0.875
2645 LINALYL PROPIONATE,4.9,0.897
2646 LINALYL iso-VALERATE,0.96,0.887
2647 *LINDEN FLOWERS,"2,000.00",1
"2648 *LOCUST, GUM","2,900.00",1.6
2649 LOVAGE,30,1
"2650 LOVAGE, EXTRACT",8.8,1
"2651 LOVAGE, OIL",1.3,0.986
2652 *MACE,350,1
"2653 *MACE, OIL",6,0.92
"2654 *MACE, OLEORESIN",-,1.05
2655 l-MALIC ACID,380,1.609
2656 MALTOL,4.1,1.35
"2657 *MANDARIN, OIL",62,0.855
"2658 *MARIGOLD, POT",11,1
"2659 *MARJORAM, OLEORESIN",-,1
"2660 *MARJORAM, POT",-,1
2661 *MARJORAM SEED,750,1
"2662 *MARJORAM, SWEET",1.9,1
"2663 *MARJORAM, SWEET, OIL",4.2,0.9
"2664 p-MENTHA-1,8-DIEN-7-OL",1,0.925
2665 MENTHOL,35,0.89
2666 (d)-neo-MENTHOL,10,0.89
2667 MENTHONE,7.7,0.905
2668 MENTHYL ACETATE,5.5,0.93
2669 MENTHYL iso-VALERATE,5,0.91
2670 p-METHOXYBENZALDEHYDE,6.3,1.13
2671 2-METHOXY-4-METHYLPHENOL,21,1.07
2672 4-(p-METHOXYPHENYL)-2-BUTANONE,12,1.066
2673 1-(p-METHOXYPHENYL)-1-PENTEN-3-ONE,2.3,1.04
2674 1-(p-METHOXYPHENYL)-2-PROPANONE,2.8,1.085
2675 2-METHOXY-4-VINYLPHENOL,3,1.08
2676 METHYL ACETATE,28,0.938
2677 4-METHYL ACETOPHENONE,1.1,1.005
2678 2-METHYLALLYL BUTYRATE,0.2,0.875
2679 METHYL ANISATE,2.7,1.11
2680 o-METHYLANISOLE,1.7,1.005
2681 p-METHYLANISOLE,2.7,0.97
2682 METHYL ANTHRANILATE,16,1.17
2683 METHYL BENZOATE,2.2,1.09
2684 a-METHYLBENZYL ACETATE,3.9,1.035
2685 a-METHYLBENZYL ALCOHOL,4.6,1.015
2686 a-METHYLBENZYL BUTYRATE,5,0.995
2687 a-METHYLBENZYL iso-BUTYRATE,2,0.985
2688 a-METHYLBENZYL FORMATE,5,1.06
2689 a-METHYLBENZYL PROPIONATE,5,1.015
2690 METHYL p-tert-BUTYLPHENYLACETATE,0.5,1.03
2691 2-METHYLBUTYRALDEHYDE,2,0.805
2692 3-METHYLBUTYRALDEHYDE,0.63,0.795
2693 METHYL BUTYRATE,17,0.898
2694 METHYL iso-BUTYRATE,22,0.89
2695 2-METHYLBUTYRIC ACID,0.5,0.937
2696 METHYL CELLULOSE,90,1.39
2697 a-METHYLCINNAMALDEHYDE,11,1.05
2698 METHYL CINNAMATE,1.9,1.096
2699 6-METHYLCOUMARIN,5.2,1.3
2700 METHYLCYCLOPENTENOLONE,11,1.14
"2701 4-(3,4-METHYLENEDIOXYPHENYL)-2-BUTANONE",8.2,1.15
2702 5-METHYLFURFURAL,0.13,1.14
2703 METHYL 2-FUROATE,0.61,1.173
2704 2-METHYL-3-FURYLACROLEIN,0.6,1.11
2705 METHYL HEPTANOATE,0.8,0.88
2706 2-METHYLHEPTANOIC ACID,1,0.91
2707 6-METHYL-5-HEPTEN-2-ONE,1.1,0.85
2708 METHYL HEXANOATE,4.1,0.885
2709 METHYL 2-HEXENOATE,0.12,0.93
2710 METHYL p-HYDROXYBENZOATE,5,1.41
2711 METHYL-a-IONONE,1.7,0.935
2712 METHYL-B-IONONE,2,0.942
2713 METHYL-delta-IONONE,0.61,0.935
2714 a-iso-METHYLIONONE,0.97,0.93
2715 METHYL LAURATE,5,0.871
2716 METHYL MERCAPTAN,0.56,0.87
2717 METHYL o-METHOXYBENZOATE,12,1.135
2718 METHYL N-METHYLANTHRANILATE,5.1,1.125
2719 METHYL 2-METHYLBUTYRATE,5,0.895
2720 METHYL 2-METHYLTHIOPROPIONATE,0.35,1.035
2721 METHYL 4-METHYLVALERATE,11,0.87
2722 METHYL MYRISTATE,0.5,0.865
2723 METHYL B-NAPHTHYL KETONE,0.5,1.17
2724 METHYL NONANOATE,3.9,0.875
2725 METHYL 2-NONENOATE,3.2,0.893
2726 METHYL 2-NONYNOATE,0.69,0.908
2727 2-METHYLOCTANAL,1,0.83
2728 METHYL OCTANOATE,1,0.878
2729 METHYL 2-OCTYNOATE,0.15,0.91
"2730 4-METHYL-2,3-PENTANEDIONE",7.6,0.94
2731 4-METHYL-2-PENTANONE,6.3,0.8
2732 p-METHYLPHENETHYL ALCOHOL,1.1,0.992
2733 METHYL PHENYLACETATE,3.9,1.066
2734 3-METHYL-4-PHENYL-3-BUTENE-2-ONE,0.59,1.05
2735 2-METHYL-4-PHENYL-2-BUTYL ACETATE,1.8,0.985
2736 2-METHYL-4-PHENYL-2-BUTYL iso-BUTYRATE,11,0.957
2737 2-METHYL-4-PHENYLBUTYRALDEHYDE,0.02,1
2738 3-METHYL-2-PHENYLBUTYRALDEHYDE,0.1,0.97
2739 METHYL 4-PHENYLBUTYRATE,0.56,1.025
2740 4-METHYL-1-PHENYL-2-PENTANONE,1,0.985
2741 METHYL 3-PHENYLPROPIONATE,0.46,1.05
2742 METHYL PROPIONATE,20,0.918
2743 2-METHYL-3-(p-iso-PROPYLPHENYL) PROPIONALDEHYDE,0.3,0.95
2744 4-METHYLQUINOLINE,0.22,1.07
2745 METHYL SALICYLATE,59,1.185
2746 METHYL SULFIDE,1.1,0.84
2747 2-METHYL THIOPROPIONALDEHYDE,0.35,1.01
2748 2-METHYL-3-TOLYL PROPIONALDEHYDE,0.05,1.015
2749 2-METHYLUNDECANAL,0.31,0.84
2750 METHYL 9-UNDECENOATE,3.7,0.875
2751 METHYL 2-UNDECYNOATE,5,0.88
2752 METHYL VALERATE,9.1,0.892
2753 METHYL iso-VALERATE,9.3,0.88
2754 2-METHYLVALERIC ACID,-,0.92
"2755 MIMOSA, ABSOLUTE",0.79,1.01
2756 MONOSODIUM GLUTAMATE,-,1.62
"2757 MOUNTAIN MAPLE, EXTRACT SOLID",100,1
2758 MUSK AMBRETTE,0.43,1.19
2759 *MUSK TONQUIN,0.67,1
"2760 *MUSTARD, BROWN",-,1
"2761 *MUSTARD, YELLOW",350,1
2762 MYRCENE,4.4,0.796
2763 MYRISTALDEHYDE,2.7,0.83
2764 MYRISTIC ACID,5.3,0.862
"2765 MYRRH, GUM",84,1.2
"2766 MYRRH, OIL",3.3,1.015
2767 B-NAPHTHYL ANTHRANILATE,2.3,1.2
2768 B-NAPHTHYL ETHYL ETHER,0.65,1.1
"2769 *NARINGEN, EXTRACT",71,1
2770 NEROL,1.4,0.88
"2771 *NEROLI BIGARDE, OIL",2,0.88
2772 NEROLIDOL,0.91,0.88
2773 NERYL ACETATE,1.3,0.908
2774 NERYL BUTYRATE,6.2,0.89
2775 NERYL iso-BUTYRATE,1.2,0.89
2776 NERYL FORMATE,5.3,0.91
2777 NERYL PROPIONATE,6.3,0.9
2778 NERYL iso-VALERATE,0.97,0.89
2779 *NITROUS OXIDE,-,1
"2780 2,6-NONADIEN-1-OL",0.01,0.855
2781 gamma-NONALACTONE,11,0.966
2782 NONANAL,1.3,0.825
"2783 1,3-NONANEDIOL ACETATE",1,0.99
2784 NONANOIC ACID,1.8,0.918
2785 2-NONANONE,0.55,0.825
2786 3-NONANON-1-YL ACETATE,0.3,0.905
2787 NONANOYL 4-HYDROXY-3-METHOXYBENZYLAMIDE,-,1.2
2788 NONYL ACETATE,0.81,0.871
2789 NONYL ALCOHOL,0.7,0.83
2790 NONYL OCTANOATE,2,0.865
2791 NONYL iso-VALERATE,1,0.865
2792 *NUTMEG,700,1
"2793 *NUTMEG, OIL",14,0.925
"2794 OAK CHIPS, EXTRACT",21,1
"2795 OAK MOSS, ABSOLUTE",1.8,1.05
2796 gamma-OCTALACTONE,4.8,0.985
2797 OCTANAL,1.4,0.825
2798 OCTANAL DIMETHYL ACETAL,0.74,0.84
2799 OCTANOIC ACID,2.9,0.91
2800 1-OCTANOL,2.9,0.83
2801 2-OCTANOL,-,0.82
2802 2-OCTANONE,1,0.825
2803 3-OCTANONE,3.3,0.825
2804 3-OCTANON-1-OL,0.2,0.9
2805 1-OCTEN-3-OL,0.2,0.84
2806 OCTYL ACETATE,1.6,0.875
2807 OCTYL BUTYRATE,0.59,0.875
2808 OCTYL iso-BUTYRATE,2,0.865
2809 OCTYL FORMATE,1,0.875
2810 OCTYL HEPTANOATE,1,0.865
2811 OCTYL OCTANOATE,1,0.86
2812 OCTYL PHENYLACETATE,1.3,0.985
2813 OCTYL PROPIONATE,0.84,0.87
2814 OCTYL iso-VALERATE,0.9,0.865
2815 OLEIC ACID,0.4,0.895
"2816 OLIBANUM, OIL",0.6,0.888
"2817 *ONION, OIL",0.5,1.15
"2818 *ORANGE BLOSSOMS, ABSOLUTE",1.7,1
2819 *ORANGE FLOWERS,"2,000.00",1
"2820 *ORANGE LEAF, ABSOLUTE",0.02,1
"2821 *ORANGE, OIL, DISTILLED",130,0.844
"2822 *ORANGE, OIL, TERPENELESS",10,0.88
"2823 *ORANGE PEEL, BITTER, OIL",67,0.85
"2824 *ORANGE PEEL, SWEET, EXTRACT",99,1
"2825 *ORANGE PEEL, SWEET, OIL",210,0.846
"2826 *ORANGE PEEL, SWEET, OIL, TERPENELESS",43,0.88
2827 *OREGANO,320,1
"2828 *ORIGANUM, OIL",0.5,0.96
"2829 ORRIS, CONCRETE, LIQUID, OIL",1.7,0.935
"2830 ORRIS ROOT, EXTRACT",9.2,1
"2831 *PALMAROSA, OIL",4.2,0.895
2832 PALMITIC ACID,-,0.852
2833 *PAPRIKA,-,1
"2834 *PAPRIKA, OLEORESIN",25,1.05
2835 *PARSLEY,3000,1
"2836 *PARSLEY, OIL",1.4,0.9
"2837 *PARSLEY, OLEORESIN",-,1.05
"2838 PATCHOULY, OIL",0.88,0.975
"2839 PENNYROYAL, OIL",5,0.945
2840 omega-PENTADECALACTONE,0.27,0.95
"2841 2,3-PENTANEDIONE",0.6,0.965
2842 2-PENTANONE,13,0.81
2843 4-PENTENOIC ACID,1,0.96
"2844 *PEPPER, BLACK",30,1
"2845 *PEPPER, BLACK, OIL",2.7,0.885
"2846 *PEPPER, BLACK, OLEORESIN",15,1.05
2847 *PEPPERMINT LEAVES,-,1
"2848 *PEPPERMINT, OIL",99,0.91
"2849 *PEPPER, RED",240,1
"2850 *PEPPER, WHITE",140,1
"2851 *PEPPER, WHITE, OIL",-,0.885
"2852 *PEPPER, WHITE, OLEORESIN",-,1.05
"2853 *PETITGRAIN, LEMON, OIL",8.6,0.89
"2854 *PETITGRAIN, MANDARIN, OIL",4.3,0.87
"2855 *PETITGRAIN, OIL",1.5,0.9
2856 a-PHELLANDRENE,10,0.85
2857 PHENETHYL ACETATE,1.4,1.035
2858 PHENETHYL ALCOHOL,1.5,1.02
2859 PHENETHYL ANTHRANILATE,1.4,1.15
2860 PHENETHYL BENZOATE,1,1.07
2861 PHENETHYL BUTYRATE,3.2,1
2862 PHENETHYL iso-BUTYRATE,3.4,0.995
2863 PHENETHYL CINNAMATE,1.7,1.07
2864 PHENETHYL FORMATE,1.3,1.06
2865 PHENETHYL 2-FUROATE,0.03,1.135
2866 PHENETHYL PHENYLACETATE,2.3,1.085
2867 PHENETHYL PROPIONATE,3.6,1.02
2868 PHENETHYL SALICYLATE,0.75,1.16
2869 PHENETHYL SENECIOATE,-,1.02
2870 PHENETHYL TIGLATE,0.9,1.015
2871 PHENETHYL iso-VALERATE,1.3,0.995
2872 PHENOXYACETIC ACID,0.37,1.27
2873 2-PHENOXYETHYL iso-BUTYRATE,5,1.035
2874 PHENYLACETALDEHYDE,0.68,1.037
"2875 PHENYLACETALDEHYDE 2,3-BUTYLENE GLYCOL ACETAL",-,1.1
2876 PHENYLACETALDEHYDE DIMETHYL ACETAL,0.4,1
2877 PHENYLACETALDEHYDE GLYCERYL ACETAL,5,1.2
2878 PHENYLACETIC ACID,1.8,1.08
2879 4-PHENYL-2-BUTANOL,0.9,1.005
2880 4-PHENYL-3-BUTEN-2-OL,2,1.02
2881 4-PHENYL-3-BUTEN-2-ONE,0.82,1.045
2882 4-PHENYL-2-BUTYL ACETATE,3,1
2883 1-PHENYL-3-METHYL-3-PENTANOL,0.16,0.97
2884 1-PHENYL-1-PROPANOL,0.5,0.99
2885 3-PHENYL-1-PROPANOL,0.73,1
2886 2-PHENYLPROPIONALDEHYDE,0.61,1.02
2887 3-PHENYLPROPIONALDEHYDE,1,1.055
2888 2-PHENYLPROPIONALDEHYDE DIMETHYL ACETAL,0.26,0.99
2889 3-PHENYLPROPIONIC ACID,1,1.07
2890 3-PHENYLPROPYL ACETATE,3.2,1.05
2891 2-PHENYLPROPYL BUTYRATE,1,0.975
2892 2-PHENYLPROPYL iso-BUTYRATE,5,0.975
2893 3-PHENYLPROPYL iso-BUTYRATE,1.3,1.01
2894 3-PHENYLPROPYL CINNAMATE,3.4,1.11
2895 3-PHENYLPROPYL FORMATE,1.3,1.07
2896 3-PHENYLPROPYL HEXANOATE,0.67,0.995
2897 3-PHENYLPROPYL PROPIONATE,0.49,1.035
2898 2-(3-PHENYLPROPYL)-TETRAHYDROFURAN,0.5,1
2899 3-PHENYLPROPYL iso-VALERATE,0.9,1.01
2900 PHOSPHORIC ACID,510,1.7
"2901 *PIMENTA LEAF, OIL",2.8,1.055
2902 a-PINENE,54,0.863
2903 B-PINENE,16,0.875
"2904 PINE NEEDLE, DWARF, OIL",0.39,0.885
"2905 PINE NEEDLE, OIL",1.5,0.935
"2906 PINE, SCOTCH, OIL",6,0.875
"2907 PINE TAR, OIL",-,0.99
2908 PIPERIDINE,3,0.862
2909 PIPERINE,0.01,1.193
2910 d-PIPERITONE,11,0.935
2911 PIPERONAL,6,1.2
2912 PIPERONYL ACETATE,50,1.185
2913 PIPERONYL iso-BUTYRATE,1,1.14
"2914 *PIPSISSEWA LEAVES, EXTRACT",41,1
2915 POLYSORBATE 20,180,1.105
2916 POLYSORBATE 60,110,1.1
2917 POLYSORBATE 80,170,1.1
"2918 *POMEGRANATE BARK, EXTRACT",-,1
2919 *POPPY SEED,-,1
2920 POTASSIUM ACETATE,1.5,1.57
2921 POTASSIUM SORBATE,110,1.36
2922 PROPENYLGUAETHOL,5.9,1.1
2923 PROPIONALDEHYDE,3.9,0.807
2924 PROPIONIC ACID,5.8,0.992
2925 PROPYL ACETATE,4,0.89
2926 iso-PROPYL ACETATE,16,0.875
2927 p-iso-PROPYLACETOPHENONE,0.08,0.985
2928 PROPYL ALCOHOL,5,0.803
2929 iso-PROPYL ALCOHOL,25,0.785
2930 p-PROPYL ANISOLE,4.3,0.935
2931 PROPYL BENZOATE,11,1.035
2932 iso-PROPYL BENZOATE,0.5,1.015
2933 p-iso-PROPYLBENZYL ALCOHOL,11,0.975
2934 PROPYL BUTYRATE,6.8,0.875
2935 iso-PROPYL BUTYRATE,9.7,0.87
2936 PROPYL iso-BUTYRATE,6.8,0.865
2937 iso-PROPYL iso-BUTYRATE,25,0.855
2938 PROPYL CINNAMATE,2.6,1.035
2939 iso-PROPYL CINNAMATE,0.52,1.02
2940 PROPYLENE GLYCOL,690,1.038
2941 PROPYLENE GLYCOL ALGINATE,200,1.5
2942 PROPYLENE GLYCOL STEARATE,-,0.92
2943 PROPYL FORMATE,20,0.9
2944 iso-PROPYL FORMATE,25,0.875
2945 PROPYL 2-FURANACRYLATE,3,1.08
2946 PROPYL 2-FUROATE,-,1.075
2947 PROPYL GALLATE,0.08,1.21
2948 PROPYL HEPTANOATE,3.8,0.87
2949 PROPYL HEXANOATE,2.2,0.875
2950 iso-PROPYL HEXANOATE,0.5,0.865
2951 PROPYL p-HYDROXYBENZOATE,32,1.28
2952 3-PROPYLIDENEPHTHALIDE,-,1.11
2953 a-PROPYLPHENETHYL ALCOHOL,1,0.97
2954 p-iso-PROPYLPHENYLACETALDEHYDE,0.1,0.99
2955 PROPYL PHENYLACETATE,1,1.025
2956 iso-PROPYL PHENYLACETATE,0.5,1.01
2957 3-(p-iso-PROPYL)PHENYL PROPIONALDEHYDE,0.8,0.985
2958 PROPYL PROPIONATE,6,0.885
2959 iso-PROPYL PROPIONATE,9.7,0.87
2960 PROPYL iso-VALERATE,5,0.865
2961 iso-PROPYL iso-VALERATE,3.4,0.85
2962 iso-PULEGOL,7.4,0.9
2963 PULEGONE,8,0.965
2964 iso-PULEGONE,4,0.955
2965 iso-PULEGYL ACETATE,5.8,0.92
2966 PYRIDINE,1,0.985
2967 PYROLIGNEOUS ACID,10,1.07
"2968 PYROLIGNEOUS ACID, EXTRACT",-,1
2969 PYRUVALDEHYDE,1,1.085
2970 PYRUVIC ACID,0.25,1.272
"2971 QUASSIA, EXTRACT",3.4,1
"2972 QUEBRACHO BARK, EXTRACT",11,1
2973 QUILLAIA,95,1
"2974 *QUINCE SEED, EXTRACT",40,1
2975 QUININE BISULFATE,100,1.45
2976 QUININE HYDROCHLORIDE,110,1.38
2977 QUININE SULFATE,100,1.43
2978 iso-QUINOLINE,0.25,1.09
"2979 RHATANY, EXTRACT",11,1
2980 RHODINOL,2,0.885
2981 RHODINYL ACETATE,2.8,0.91
2982 RHODINYL BUTYRATE,0.94,0.895
2983 RHODINYL iso-BUTYRATE,1.1,0.895
2984 RHODINYL FORMATE,1.3,0.915
2985 RHODINYL PHENYLACETATE,1.2,0.995
2986 RHODINYL PROPIONATE,1.8,0.905
2987 RHODINYL iso-VALERATE,2,0.89
"2988 *ROSE, ABSOLUTE",0.63,0.99
"2989 *ROSE, BULGARIAN, TRUE OTTO, OIL",0.51,0.865
"2990 *ROSE HIPS, EXTRACT",-,1
2991 *ROSEMARY,700,1
"2992 *ROSEMARY, OIL",3.6,0.92
"2993 *ROSE WATER, STRONGER",100,1
2994 *RUE,-,1
"2995 *RUE, OIL",1.2,0.84
2996 RUM ETHER,67,0.875
"2997 SACCHARINE, SODIUM SALT",72,1.65
2998 *SAFFRON,1.3,1
"2999 *SAFFRON, EXTRACT",7.5,1
3000 *SAGE,300,0.93
"3001 *SAGE, OIL",3.7,0.935
"3002 *SAGE, OLEORESIN",-,1
"3003 *SAGE, SPANISH, OIL",11,1
3004 SALICYLALDEHYDE,0.55,1.167
"3005 SANDALWOOD, YELLOW, OIL",2.4,0.985
3006 SANTALOL (a- and B-),2,0.985
3007 SANTALYL ACETATE,0.53,0.99
3008 SANTALYL PHENYLACETATE,1,1.06
"3009 SARSAPARILLA, EXTRACT",190,1
"3010 SASSAFRAS BARK, EXTRACT",290,1
3011 SASSAFRAS LEAVES,-,1
"3012 *SAVORY, SUMMER",-,1
"3013 *SAVORY, SUMMER, OIL",-,0.958
"3014 *SAVORY, SUMMER, OLEORESIN",-,1.05
"3015 *SAVORY, WINTER",-,1
"3016 *SAVORY, WINTER, OIL",-,0.958
"3017 *SAVORY, WINTER, OLEORESIN",-,1.05
"3018 *SCHINUS MOLLE, OIL",-,0.85
3019 SKATOLE,0.75,1.16
3020 *SLOE BERRIES,-,1
"3021 *SLOE BERRIES, EXTRACT",110,1
"3022 *SLOE BERRIES, EXTRACT SOLID",-,1
"3023 SNAKEROOT, CANADIAN, OIL",1.9,1
3024 SODIUM ACETATE,1.5,1.528
3025 SODIUM BENZOATE,350,1.5
3026 SODIUM CITRATE,490,1.76
3027 SODIUM HEXAMETAPHOSPHATE,-,2.48
3028 SORBITAN MONOSTEARATE,140,1
3029 d-SORBITOL,"1,300.00",1.49
3030 *SPEARMINT,500,1
"3031 *SPEARMINT, EXTRACT","2,100.00",1
"3032 *SPEARMINT, OIL",100,0.94
"3033 *SPIKE LAVENDER, OIL",11,0.918
"3034 SPRUCE, OIL",6.2,0.91
3035 STEARIC ACID,10,0.847
3036 STORAX,2,1
"3037 STYRAX, EXTRACT",0.84,1
3038 SUCROSE OCTAACETATE,20,1.28
3039 SULFUR DIOXIDE,180,1.43
"3040 TAGETES, OIL",4.1,0.885
"3041 *TANGERINE, OIL",90,0.853
3042 TANNIC ACID,45,1.76
3043 *TARRAGON,-,1
3044 TARTARIC ACID,960,1.76
3045 a-TERPINEOL,5.4,0.935
3046 TERPINOLENE,16,0.865
3047 TERPINYL ACETATE,3.5,0.97
3048 TERPINYL ANTHRANILATE,1.1,1.09
3049 TERPINYL BUTYRATE,6.4,0.945
3050 TERPINYL iso-BUTYRATE,2.4,0.945
3051 TERPINYL CINNAMATE,0.5,1.05
3052 TERPINYL FORMATE,3,0.985
3053 TERPINYL PROPIONATE,1.5,0.96
3054 TERPINYL iso-VALERATE,5,0.94
3055 TETRAHYDROFURFURYL ACETATE,2,1.045
3056 TETRAHYDROFURFURYL ALCOHOL,14,1.055
3057 TETRAHYDROFURFURYL BUTYRATE,0.9,1.005
3058 TETRAHYDROFURFURYL PROPIONATE,2,1.025
3059 TETRAHYDRO-pseudo-IONONE,0.5,0.88
3060 TETRAHYDROLINALOOL,1.3,0.835
3061 TETRAMETHYL ETHYLCYCLOHEXENONE,5,0.91
3062 2-THIENYL MERCAPTAN,-,1.09
3063 *THYME,13,1
"3064 *THYME, OIL",5,0.95
"3065 *THYME, WHITE, OIL",1,1
3066 THYMOL,11,0.979
3067 TOLUALDEHYDE GLYCERYL ACETAL,6,1.11
"3068 TOLUALDEHYDES (Mixed o-, m-, p-)",11,1.02
"3069 TOLU, BALSAM, EXTRACT",32,1
"3070 TOLU, BALSAM, GUM",2.6,1
3071 p-TOLYLACETALDEHYDE,-,1
3072 o-TOLYL ACETATE,2.8,1.055
3073 p-TOLYL ACETATE,1,1.05
3074 4-(p-TOLYL)-2-BUTANONE,1,1.01
3075 p-TOLYL iso-BUTYRATE,4,0.99
3076 p-TOLYL LAURATE,1,0.91
3077 p-TOLYL PHENYLACETATE,1.6,1.085
3078 2-(p-TOLYL)-PROPIONALDEHYDE,0.13,1
"3079 *TRAGACANTH, GUM",42,1.5
3080 TRIBUTYL ACETYLCITRATE,0.4,1.055
3081 TRICALCIUM PHOSPHATE,"1,000.00",3.18
3082 2-TRIDECENAL,0.3,0.855
3083 TRIETHYL CITRATE,13,1.135
"3084 *TUBEROSE, OIL",0.26,1
3085 *TURMERIC,-,1
"3086 *TURMERIC, EXTRACT",0.78,1
"3087 *TURMERIC, OLEORESIN",-,1.05
"3088 TURPENTINE, GUM",-,0.87
"3089 TURPENTINE, STEAM DISTILLED",-,0.865
"3090 2,3-UNDECADIONE",1.5,0.895
3091 gamma-UNDECALACTONE,4.4,0.94
3092 UNDECANAL,0.95,0.835
3093 2-UNDECANONE,2.8,0.83
3094 10-UNDECENAL,4.8,0.85
3095 10-UNDECENAL,1,0.85
3096 10-UNDECEN-1-YL ACETATE,3.7,0.875
3097 UNDECYL ALCOHOL,2.9,0.835
3098 VALERALDEHYDE,1.3,0.815
"3099 VALERIAN ROOT, EXTRACT",25,1
"3100 VALERIAN ROOT, OIL",0.52,0.985
3101 VALERIC ACID,1.2,0.94
3102 iso-VALERIC ACID,1.2,0.93
3103 gamma-VALEROLACTONE,4,1.05
3104 *VANILLA,420,1
"3105 *VANILLA, EXTRACT",200,1
"3106 *VANILLA, OLEORESIN",190,1
3107 VANILLIN,63,1.35
3108 VANILLIN ACETATE,11,1.265
3109 VERATRALDEHYDE,9,1.2
"3110 *VIOLET LEAVES, ABSOLUTE",2.3,1
"3111 WALNUT HULL, EXTRACT",90,1
"3112 WINTERGREEN, EXTRACT",10,1
"3113 WINTERGREEN, OIL",56,1.185
3114 WORMWOOD,360,1
"3115 WORMWOOD, EXTRACT",43,1
"3116 WORMWOOD, OIL",14,0.94
"3117 YARROW, HERB",29,1
"3118 YERBA SANTA, FLUID EXTRACT",25,1
"3119 *YLANG YLANG, OIL",0.95,0.965
"3120 YUCCA, JOSHUA TREE",120,1
"3121 YUCCA, MOHAVE, EXTRACT",150,1
3122 *ZEDOARY,2000,1
"3123 *ZEDOARY BARK, EXTRACT",-,1
3124 ZINGERONE,6.9,1.15